timestamp,attentionScore,attentionState,blinkScore,blinkConfidence,fatigueScore,fatigueConfidence,attentionDriftScore,attentionDriftTrend,bpm,ibiMean,ibiStd,blinkVariability,headScore,headConfidence,pitch,yaw,roll,headDirection,gazeScore,gazeConfidence,gazeDirection,finalAttentionScore,fusionConfidence
2026-06-16T18:02:14.323Z,63.31896244185696,Medium,78.04557330349105,84.47777777777777,17.358969009259116,1,82.64103099074089,Stable,2,6826.590909090909,20586.15809151888,3.0155839665307145,92.86733766452352,70,-1.4190119200729852,-1.59530013116479,0.7160452917888245,Forward,5.690792747955919,51.2875193342137,Up,63.31896244185696,68.58843237066382
2026-06-16T18:02:19.496Z,63.367720159635844,Medium,80.18748075864926,85.43333333333334,14.665106351719936,1,85.33489364828006,Stable,5,6299.72,19385.365159356683,3.077178852291321,94.65126050420169,70,0.23895922342202702,0.16034389359322532,0.29317912033607696,Forward,5.213388611144982,53.42907915883832,Up,63.367720159635844,69.62080416405722
2026-06-16T18:02:24.587Z,75.27884479949854,High,83.83781751844606,86.38888888888889,11.322323118798572,1,88.67767688120142,Stable,9,5600.827586206897,18088.03671142122,3.229529285273207,93.78704919688857,70,6.891882002075804,-7.044650242648007,0.955413850742262,Forward,5.076809379878434,28.987399565750398,Rejected,75.27884479949854,61.792096151546424
2026-06-16T18:02:29.426Z,63.929156753099285,Medium,83.89834987062949,87.34444444444445,11.254378403520903,1,88.7456215964791,Improving,9,5600.827586206897,18088.03671142122,3.229529285273207,92.93560833404786,70,7.319078582065432,1.880743039851974,-2.4718408267886236,Forward,4.920042143851977,54.056984411215296,Up,63.929156753099285,70.46714295188657
2026-06-16T18:02:34.357Z,64.55482266513982,Medium,83.18169531683185,88.3,12.450274743047295,1,87.54972525695271,Improving,10,5774.766666666666,17808.665277860917,3.083876164323104,93.65053978408636,70,-6.513923605458984,-4.1594647784720475,-3.463424224657606,Forward,4.7420704506998925,52.94257820496341,Up,64.55482266513982,70.41419273498781
2026-06-16T18:02:39.578Z,75.71682711873183,High,83.75384545931621,89.25555555555556,11.809034617438098,1,88.1909653825619,Improving,10,5774.766666666666,17808.665277860917,3.083876164323104,93.69416361416361,70,-2.3019148552417206,-46.477538211685165,-9.951408994133162,Left,4.620237799663439,27.789829450361058,Rejected,75.71682711873183,62.34846166863887
2026-06-16T18:02:44.499Z,66.77629436084428,Medium,87.27868806444799,90.21111111111111,7.8105280718712695,1,92.18947192812873,Improving,13,5590,17017.391809557656,3.0442561376668436,93.23444205852698,70,-1.6506315796769542,0.15522015749294926,1.0694042984898857,Forward,4.518870729580858,51.880585066214124,Up,66.77629436084428,70.6972320591084
2026-06-16T18:02:49.435Z,78.75345435187943,High,89.4096274022713,91.16666666666667,6.307338728843204,1,93.6926612711568,Improving,14,5474.64705882353,16778.35901476583,3.064738025024649,93.726082473153,70,-3.2270647737210263,-3.842294560511962,-3.3093866679372708,Forward,4.371553308823529,27.151386514678034,Up,78.75345435187943,62.77268439378157
2026-06-16T18:02:54.424Z,69.82756504450897,Medium,88.63349953675043,92.12222222222222,7.651883283722805,1,92.34811671627719,Improving,15,5580.228571428572,16548.386830462125,2.965539246043041,94.11641835581986,70,1.0521494561391802,-0.47917191636049883,-0.9953544366706302,Forward,4.267371388301621,48.54901819620615,Up,69.82756504450897,70.22374680614278
2026-06-16T18:02:59.461Z,78.0420138694185,High,87.73980386580212,93.07777777777778,7.652836164995158,1,92.34716383500484,Improving,17,5350.378378378378,16123.618538521334,3.013547341563564,94.30417812491292,70,0.3789145140229686,32.017936478564316,2.3157149439646623,Right,4.174068844889625,27.63039149695881,Rejected,78.0420138694185,63.569389758245535
2026-06-16T18:03:04.547Z,65.90780462681911,Medium,89.28162596948134,94.03333333333333,7.0712643267521464,1,92.92873567324786,Improving,19,5243.307692307692,15713.24895676004,2.9968199233877693,95.04841789416258,70,-0.1662118261371024,-1.1498419171397316,-1.8469053445560073,Forward,4.1027046783625725,55.642671262989055,Up,65.90780462681911,73.2253348654408
2026-06-16T18:03:09.551Z,78.3554304132033,High,89.08875687976172,94.15555555555555,7.0712643267521464,1,92.92873567324786,Improving,17,5243.307692307692,15713.24895676004,2.9968199233877693,96.04481792717087,70,2.653669521573558,-0.5189868158748782,-0.45280988723993454,Forward,4.021673574439137,30.25354210569016,Rejected,78.3554304132033,64.80303255374857
2026-06-16T18:03:14.528Z,65.99375105580646,Medium,87.92714210379529,94.27777777777777,8.311506164012927,1,91.68849383598707,Improving,18,5367.35,15534.915874490596,2.8943362878311634,95.82360073733321,70,-0.0101493164722406,1.690823228508937,0.8043161197496469,Forward,3.710499490316004,54.853588283749,Up,65.99375105580646,73.04378868717559
2026-06-16T18:03:19.305Z,78.24566782310917,High,88.07721241101541,94.4,8.615039065408626,1,91.38496093459138,Improving,18,5121.53488372093,15012.56436633776,2.9312627380623706,94.72018144819816,70,9.312794845872912,-53.80906278662524,-24.89153107637461,Left,3.6399999999999997,27.897528747941724,Rejected,78.24566782310917,64.09917624931391
2026-06-16T18:03:24.429Z,77.46420216123995,High,88.09577947396397,94.52222222222223,8.615039065408626,1,91.38496093459138,Improving,14,5121.53488372093,15012.56436633776,2.9312627380623706,92.18759207491036,70,4.735077011525136,-63.025854909633956,-7.262465556464724,Left,3.938342712126227,27.684920958887222,Rejected,77.46420216123995,64.06904772703649
2026-06-16T18:03:29.571Z,65.62161956150918,Medium,88.70323934083974,94.64444444444445,7.81111911358906,1,92.18888088641094,Stable,16,5070.355555555556,14690.044757749765,2.897241543870425,91.89863472124549,70,1.046635551046383,0.7450261584057314,1.505145906614636,Forward,3.903280591142717,54.32823620487672,Up,65.62161956150918,72.99089354977372
2026-06-16T18:03:34.418Z,65.81072790248179,Medium,87.84905285750668,94.76666666666667,8.803715690506642,1,91.19628430949336,Stable,17,4975.382978723404,14381.753708281469,2.8905822465895024,91.88683904532431,70,0.0060091035274219,0.4863558472800844,0.29907561243811465,Forward,4.191409719578734,53.63686511861035,Rejected,65.81072790248179,72.80117726175901
2026-06-16T18:03:39.605Z,72.0971951510505,High,89.00951915651808,94.88888888888889,8.106562589693056,1,91.89343741030694,Stable,19,4889.65306122449,14092.289685992093,2.882063309919791,92.12079618874816,70,0.9573930918460456,0.21916324765830808,-0.28066415808887124,Forward,4.200406015897523,44.279615344725926,Rejected,72.0971951510505,69.72283474453828
2026-06-16T18:03:44.502Z,66.89410674246501,Medium,88.96724924103599,95.01111111111112,8.106562589693056,1,91.89343741030694,Stable,16,4889.65306122449,14092.289685992093,2.882063309919791,93.18968954061175,70,0.6629268068073908,-0.2949846061184753,-0.11113600527278705,Forward,4.159933774834436,53.238657754651,Up,66.89410674246501,72.74992295525404
2026-06-16T18:03:49.468Z,66.63050888456694,Medium,86.11680771044396,95.13333333333333,11.425142950088807,1,88.57485704991119,Stable,18,4793.25,13694.913286263232,2.8571247663408403,93.23984249149812,70,-0.2641237690030964,0.9751395825608027,0.21125537582979126,Forward,4.142206851704058,51.83819571726655,Up,66.63050888456694,72.32384301686663
2026-06-16T18:03:54.599Z,75.730421273069,High,85.05671610114386,95.25555555555556,12.617416648920344,1,87.38258335107966,Stable,20,4632.690909090909,13336.143937534742,2.878703587015639,93.31922068597908,70,0.260275681225445,-0.8614673028149906,-0.7227574935278664,Forward,4.093289594843462,29.587970712556373,Rejected,75.730421273069,64.94784208937064
2026-06-16T18:03:59.383Z,75.25629904681927,High,84.78000816003005,95.37777777777778,13.177103302232585,1,86.82289669776742,Declining,20,4566.8421052631575,13106.350098516896,2.8698934179073534,93.32995951417004,70,0.9775569311931613,0.14465410136158097,0.9921713271961272,Forward,4.106133256995634,30.548157126647766,Rejected,75.25629904681927,65.30864496814185
2026-06-16T18:04:04.645Z,67.66300452265546,Medium,86.49915748881216,95.5,11.174316858169053,1,88.82568314183095,Declining,21,4395.466666666666,12796.717321858585,2.911344412847764,93.8400761936312,70,0.041270076621328755,0.6032456494126102,0.03158114800259848,Forward,4.039628642229333,50.72502593317107,Up,67.66300452265546,72.07500864439037
2026-06-16T18:04:09.544Z,64.64060349579611,Medium,86.75565919007336,95.62222222222222,11.017688179220109,1,88.9823118207799,Declining,23,4347.241935483871,12591.606100232118,2.8964585562755447,93.89753283893171,70,-1.6156874986572651,-1.8551449294995703,0.27933250024747164,Forward,3.9447690006491123,55.73222309647866,Up,64.64060349579611,73.78481510623362
2026-06-16T18:04:14.562Z,65.8662238608531,Medium,86.55106978365984,95.74444444444444,11.017688179220109,1,88.9823118207799,Stable,22,4347.241935483871,12591.606100232118,2.8964585562755447,93.95180703872958,70,-3.6900561919762036,-2.3908904942655274,-8.489920758549296,Forward,3.8614833824414663,53.62591077185907,Up,65.8662238608531,73.12345173876783
2026-06-16T18:04:19.548Z,65.05178535908583,Medium,86.5932690568522,95.86666666666667,11.017688179220109,1,88.9823118207799,Stable,19,4347.241935483871,12591.606100232118,2.8964585562755447,94.54823675625292,70,0.2537523596110187,0.06867042889380048,-0.053508883337102686,Forward,3.7773057728505064,55.19875026644536,Up,65.05178535908583,73.68847231103734
2026-06-16T18:04:24.520Z,65.71224145796404,Medium,86.63374591073058,95.9888888888889,11.017688179220109,1,88.9823118207799,Stable,19,4347.241935483871,12591.606100232118,2.8964585562755447,97.44863645567418,70,0.4250153040780775,0.9928476221287426,0.8388930824394738,Forward,3.35153513290748,55.2380868984873,Up,65.71224145796404,73.74232526245872
2026-06-16T18:04:29.565Z,65.5490641065016,Medium,86.32768596471658,96.01111111111112,11.258723617867705,1,88.7412763821323,Stable,18,4610.079365079365,12661.55908715474,2.7464948180857975,98.60684769775679,70,2.24503498887296,0.16457638151911758,0.2712225723961883,Forward,3.2712040014290813,55.757756439083316,Up,65.5490641065016,73.92295585006481
2026-06-16T18:04:34.541Z,72.14260545229517,High,86.22731531598494,96.03333333333333,11.258723617867705,1,88.7412763821323,Stable,16,4610.079365079365,12661.55908715474,2.7464948180857975,98.63029599535693,70,0.7249479448478264,0.03579418904048892,0.39369941199595015,Forward,2.9212598425196847,45.63750731553184,Up,72.14260545229517,70.55694688295506
2026-06-16T18:04:39.510Z,66.9372222106036,Medium,86.22578585848046,96.15555555555557,11.258723617867705,1,88.7412763821323,Stable,14,4610.079365079365,12661.55908715474,2.7464948180857975,98.65065751858205,70,0.05697954979380526,0.2733332116493934,0.08333868279152867,Forward,2.8648648648648645,53.40672439040875,Up,66.9372222106036,73.18742664865478
2026-06-16T18:04:44.429Z,78.77218746804324,High,86.34756891227485,96.17777777777778,11.258723617867705,1,88.7412763821323,Stable,14,4610.079365079365,12661.55908715474,2.7464948180857975,98.67191896454699,70,-0.1216860423291175,-0.837007790581374,0.4822421373787813,Forward,2.808478425435276,27.928659416702313,Up,78.77218746804324,64.70214573149336
2026-06-16T18:04:49.453Z,69.23946272518492,Medium,86.42251232999446,96.2,11.258723617867705,1,88.7412763821323,Stable,11,4610.079365079365,12661.55908715474,2.7464948180857975,98.69179600886918,70,-0.5350651067195091,-0.3895099115898937,1.4375892970793798,Forward,2.7624720774385705,50.04576134472629,Rejected,69.23946272518492,72.08192044824209
2026-06-16T18:04:54.553Z,68.37385992670245,Medium,86.18629920624551,96.12222222222222,11.419259062822661,1,88.58074093717734,Stable,10,5038.377049180328,13006.987603975222,2.5815828146667332,98.71108683779356,70,-0.06917980500864385,-0.8757853906210284,-0.499962748452864,Forward,2.7159590043923867,51.17168713405158,Up,68.37385992670245,72.43130311875792
2026-06-16T18:04:59.446Z,66.4851038576378,Medium,86.2520181340636,96.14444444444445,11.570167391585617,1,88.42983260841439,Stable,9,5020.370967741936,12902.432575386045,2.570015773393994,98.73118279569893,70,0.17025778029310246,0.540330713390829,0.24583876238901442,Forward,2.661406025824964,54.044865830514226,Up,66.4851038576378,73.39643675831955
2026-06-16T18:05:04.498Z,78.88438666595184,High,86.313987307366,96.16666666666667,11.567250401991181,1,88.43274959800883,Stable,7,4990.6349206349205,12801.764093840195,2.5651573992937,98.74933757286699,70,-2.357972359244682,0.8847777924909889,0.31770941033443834,Forward,2.6145172656800564,27.599712814322572,Rejected,78.88438666595184,64.58879316032976
2026-06-16T18:05:09.382Z,68.2987893945853,Medium,86.65794252002546,96.1888888888889,11.231708265243922,1,88.76829173475608,Stable,7,4860.629032258064,12796.105685606917,2.6326028175950573,98.76504447933019,70,-0.3036681375292609,0.021256151325598716,0.699466051022977,Forward,2.5710325710325708,51.54687849491356,Up,68.2987893945853,72.57858912793415
2026-06-16T18:05:14.500Z,71.23888045631334,High,86.16603286074796,96.21111111111111,11.662176788074852,1,88.33782321192515,Stable,8,4804.666666666667,12701.788801657225,2.6436357988741275,98.7897435897436,70,-0.5606261370969357,0.12384702901426126,0.4000972241129209,Forward,2.5033738191632926,46.87622270544883,Up,71.23888045631334,71.02911127218665
2026-06-16T18:05:19.359Z,64.24317259436957,Medium,82.82525425420424,96.23333333333333,14.981892937314555,1,85.01810706268544,Stable,9,5479.836363636364,13481.42881254686,2.460188209634917,98.81585549422981,70,0.2828635861041118,1.1339192551734978,0.9090588105746938,Forward,2.4327868852459016,55.3333225048695,Up,64.24317259436957,73.85555194606762
2026-06-16T18:05:24.297Z,66.64091932755994,Medium,82.77172324154736,96.35555555555555,14.981892937314555,1,85.01810706268544,Stable,9,5479.836363636364,13481.42881254686,2.460188209634917,98.84143348060874,70,0.057281326148410194,0.21949721792566845,0.18102010386561695,Forward,2.3675813656668794,51.572167655312825,Up,66.64091932755994,72.64257440362279
2026-06-16T18:05:29.530Z,66.37566528056054,Medium,82.29953421125043,96.37777777777778,15.380828777840328,1,84.61917122215968,Stable,10,5775.423076923077,13848.414682035675,2.3978182199967204,98.86973180076629,70,-0.1219066514027558,2.0052173094929895,0.21478571023258075,Forward,2.2943722943722946,51.660730298358686,Up,66.37566528056054,72.67950269204549
2026-06-16T18:05:34.401Z,65.61498779651133,Medium,82.40084558672547,96.4,15.63947261791383,1,84.36052738208618,Stable,10,5756.018867924528,13717.860783348919,2.3832202600640926,98.89253871421869,70,-0.30656526836101516,0.30565970990991786,0.35343350385710504,Forward,2.2349397590361444,52.886420649878616,Up,65.61498779651133,73.09547354995954