test,x,y,n,statistic,p_value,null_hypothesis,alternative_hypothesis,interpretation
Pearson,attentionScore,blinkScore,41,0.3487379319203356,0.025441743121781046,H0: Pearson r = 0,H1: Pearson r != 0,reject H0 at alpha=0.05
Pearson,attentionScore,blinkConfidence,41,0.0722477710706626,0.6535092326940443,H0: Pearson r = 0,H1: Pearson r != 0,fail to reject H0 at alpha=0.05
Pearson,attentionScore,fatigueScore,41,-0.35943473633367956,0.02099563703219275,H0: Pearson r = 0,H1: Pearson r != 0,reject H0 at alpha=0.05
Pearson,attentionScore,attentionDriftScore,41,0.3594347363336793,0.02099563703219291,H0: Pearson r = 0,H1: Pearson r != 0,reject H0 at alpha=0.05
Pearson,attentionScore,bpm,41,0.10775487878841603,0.5024836386257535,H0: Pearson r = 0,H1: Pearson r != 0,fail to reject H0 at alpha=0.05
Pearson,attentionScore,ibiMean,41,-0.12233393212158808,0.44608171438916633,H0: Pearson r = 0,H1: Pearson r != 0,fail to reject H0 at alpha=0.05
Pearson,attentionScore,ibiStd,41,-0.01667033082141113,0.9176072231689376,H0: Pearson r = 0,H1: Pearson r != 0,fail to reject H0 at alpha=0.05
Pearson,attentionScore,blinkVariability,41,0.13910768090450049,0.38571949701752306,H0: Pearson r = 0,H1: Pearson r != 0,fail to reject H0 at alpha=0.05
Pearson,attentionScore,headScore,41,-0.041026630643132264,0.7989689269978939,H0: Pearson r = 0,H1: Pearson r != 0,fail to reject H0 at alpha=0.05
Pearson,attentionScore,pitch,41,0.23652324571251546,0.13652184767349432,H0: Pearson r = 0,H1: Pearson r != 0,fail to reject H0 at alpha=0.05
Pearson,attentionScore,yaw,41,-0.3266134098150877,0.037140911582266165,H0: Pearson r = 0,H1: Pearson r != 0,reject H0 at alpha=0.05
Pearson,attentionScore,roll,41,-0.3146490034514927,0.045108255608365705,H0: Pearson r = 0,H1: Pearson r != 0,reject H0 at alpha=0.05
Pearson,attentionScore,gazeScore,41,-0.009000128084641009,0.9554630448127672,H0: Pearson r = 0,H1: Pearson r != 0,fail to reject H0 at alpha=0.05
Pearson,attentionScore,gazeConfidence,41,-0.9658520852601028,1.7490305558968004e-24,H0: Pearson r = 0,H1: Pearson r != 0,reject H0 at alpha=0.05
Pearson,attentionScore,finalAttentionScore,41,0.9999999999999999,0.0,H0: Pearson r = 0,H1: Pearson r != 0,reject H0 at alpha=0.05
Pearson,attentionScore,fusionConfidence,41,-0.8780937357223502,4.698769619294944e-14,H0: Pearson r = 0,H1: Pearson r != 0,reject H0 at alpha=0.05
Pearson,blinkScore,blinkConfidence,41,0.44913286212335934,0.0032229512352494566,H0: Pearson r = 0,H1: Pearson r != 0,reject H0 at alpha=0.05
Pearson,blinkScore,fatigueScore,41,-0.9255376509242755,4.864121675222497e-18,H0: Pearson r = 0,H1: Pearson r != 0,reject H0 at alpha=0.05
Pearson,blinkScore,attentionDriftScore,41,0.925537650924276,4.8641216752219434e-18,H0: Pearson r = 0,H1: Pearson r != 0,reject H0 at alpha=0.05
Pearson,blinkScore,bpm,41,0.6375511132457324,7.360103904016987e-06,H0: Pearson r = 0,H1: Pearson r != 0,reject H0 at alpha=0.05
Pearson,blinkScore,ibiMean,41,-0.5667782876941379,0.00011183262355470166,H0: Pearson r = 0,H1: Pearson r != 0,reject H0 at alpha=0.05
Pearson,blinkScore,ibiStd,41,-0.35013745700087845,0.024818945045069957,H0: Pearson r = 0,H1: Pearson r != 0,reject H0 at alpha=0.05
Pearson,blinkScore,blinkVariability,41,0.15361251411901142,0.33761457564782943,H0: Pearson r = 0,H1: Pearson r != 0,fail to reject H0 at alpha=0.05
Pearson,blinkScore,headScore,41,-0.17411880821861309,0.27625592071935523,H0: Pearson r = 0,H1: Pearson r != 0,fail to reject H0 at alpha=0.05
Pearson,blinkScore,pitch,41,0.12149331632084988,0.4492365321543527,H0: Pearson r = 0,H1: Pearson r != 0,fail to reject H0 at alpha=0.05
Pearson,blinkScore,yaw,41,-0.04997774603222951,0.7563243436723966,H0: Pearson r = 0,H1: Pearson r != 0,fail to reject H0 at alpha=0.05
Pearson,blinkScore,roll,41,-0.1278014473280914,0.42586073469949054,H0: Pearson r = 0,H1: Pearson r != 0,fail to reject H0 at alpha=0.05
Pearson,blinkScore,gazeScore,41,-0.07946167619453172,0.621411971707152,H0: Pearson r = 0,H1: Pearson r != 0,fail to reject H0 at alpha=0.05
Pearson,blinkScore,gazeConfidence,41,-0.1622137454633034,0.31092435249136974,H0: Pearson r = 0,H1: Pearson r != 0,fail to reject H0 at alpha=0.05
Pearson,blinkScore,finalAttentionScore,41,0.3487379319203356,0.025441743121781046,H0: Pearson r = 0,H1: Pearson r != 0,reject H0 at alpha=0.05
Pearson,blinkScore,fusionConfidence,41,-0.02528557503968311,0.8753042549184555,H0: Pearson r = 0,H1: Pearson r != 0,fail to reject H0 at alpha=0.05
Pearson,blinkConfidence,fatigueScore,41,-0.09488960807410285,0.5551007260108104,H0: Pearson r = 0,H1: Pearson r != 0,fail to reject H0 at alpha=0.05
Pearson,blinkConfidence,attentionDriftScore,41,0.09488960807410343,0.5551007260108074,H0: Pearson r = 0,H1: Pearson r != 0,fail to reject H0 at alpha=0.05
Pearson,blinkConfidence,bpm,41,0.4372483574674529,0.004254803835977575,H0: Pearson r = 0,H1: Pearson r != 0,reject H0 at alpha=0.05
Pearson,blinkConfidence,ibiMean,41,-0.7447825367116964,2.3559259448147466e-08,H0: Pearson r = 0,H1: Pearson r != 0,reject H0 at alpha=0.05
Pearson,blinkConfidence,ibiStd,41,-0.9515416410157999,1.416295259743687e-21,H0: Pearson r = 0,H1: Pearson r != 0,reject H0 at alpha=0.05
Pearson,blinkConfidence,blinkVariability,41,-0.7221392432327403,9.856294499117223e-08,H0: Pearson r = 0,H1: Pearson r != 0,reject H0 at alpha=0.05
Pearson,blinkConfidence,headScore,41,0.5061584930149167,0.0007345322627773046,H0: Pearson r = 0,H1: Pearson r != 0,reject H0 at alpha=0.05
Pearson,blinkConfidence,pitch,41,-0.07307278982597053,0.6498056520026047,H0: Pearson r = 0,H1: Pearson r != 0,fail to reject H0 at alpha=0.05
Pearson,blinkConfidence,yaw,41,0.10537049664513685,0.5120402579182618,H0: Pearson r = 0,H1: Pearson r != 0,fail to reject H0 at alpha=0.05
Pearson,blinkConfidence,roll,41,0.08919997453024549,0.57916639357942,H0: Pearson r = 0,H1: Pearson r != 0,fail to reject H0 at alpha=0.05
Pearson,blinkConfidence,gazeScore,41,-0.8166706051242443,7.504881290465272e-11,H0: Pearson r = 0,H1: Pearson r != 0,reject H0 at alpha=0.05
Pearson,blinkConfidence,gazeConfidence,41,0.1092417530283422,0.49657046817795175,H0: Pearson r = 0,H1: Pearson r != 0,fail to reject H0 at alpha=0.05
Pearson,blinkConfidence,finalAttentionScore,41,0.0722477710706626,0.6535092326940443,H0: Pearson r = 0,H1: Pearson r != 0,fail to reject H0 at alpha=0.05
Pearson,blinkConfidence,fusionConfidence,41,0.3812107337741229,0.013928420640355436,H0: Pearson r = 0,H1: Pearson r != 0,reject H0 at alpha=0.05
Pearson,fatigueScore,attentionDriftScore,41,-1.0,0.0,H0: Pearson r = 0,H1: Pearson r != 0,reject H0 at alpha=0.05
Pearson,fatigueScore,bpm,41,-0.5226812204854211,0.00045525921333157047,H0: Pearson r = 0,H1: Pearson r != 0,reject H0 at alpha=0.05
Pearson,fatigueScore,ibiMean,41,0.28746324777441223,0.0683913135271423,H0: Pearson r = 0,H1: Pearson r != 0,fail to reject H0 at alpha=0.05
Pearson,fatigueScore,ibiStd,41,-0.018186643965630966,0.9101421296058874,H0: Pearson r = 0,H1: Pearson r != 0,fail to reject H0 at alpha=0.05
Pearson,fatigueScore,blinkVariability,41,-0.44973881832365553,0.0031767917840042808,H0: Pearson r = 0,H1: Pearson r != 0,reject H0 at alpha=0.05
Pearson,fatigueScore,headScore,41,0.38205725597201756,0.013700573135812135,H0: Pearson r = 0,H1: Pearson r != 0,reject H0 at alpha=0.05
Pearson,fatigueScore,pitch,41,-0.16958167695107568,0.28915680187285314,H0: Pearson r = 0,H1: Pearson r != 0,fail to reject H0 at alpha=0.05
Pearson,fatigueScore,yaw,41,0.08552393461243205,0.5949609447834586,H0: Pearson r = 0,H1: Pearson r != 0,fail to reject H0 at alpha=0.05
Pearson,fatigueScore,roll,41,0.17679092920811765,0.26883730919607585,H0: Pearson r = 0,H1: Pearson r != 0,fail to reject H0 at alpha=0.05
Pearson,fatigueScore,gazeScore,41,-0.22560857319997968,0.15610733003048538,H0: Pearson r = 0,H1: Pearson r != 0,fail to reject H0 at alpha=0.05
Pearson,fatigueScore,gazeConfidence,41,0.22686107567193267,0.1537612081129074,H0: Pearson r = 0,H1: Pearson r != 0,fail to reject H0 at alpha=0.05
Pearson,fatigueScore,finalAttentionScore,41,-0.35943473633367956,0.02099563703219275,H0: Pearson r = 0,H1: Pearson r != 0,reject H0 at alpha=0.05
Pearson,fatigueScore,fusionConfidence,41,0.18446104997476545,0.2482785468368225,H0: Pearson r = 0,H1: Pearson r != 0,fail to reject H0 at alpha=0.05
Pearson,attentionDriftScore,bpm,41,0.5226812204854216,0.0004552592133315603,H0: Pearson r = 0,H1: Pearson r != 0,reject H0 at alpha=0.05
Pearson,attentionDriftScore,ibiMean,41,-0.2874632477744128,0.06839131352714191,H0: Pearson r = 0,H1: Pearson r != 0,fail to reject H0 at alpha=0.05
Pearson,attentionDriftScore,ibiStd,41,0.01818664396563044,0.9101421296058917,H0: Pearson r = 0,H1: Pearson r != 0,fail to reject H0 at alpha=0.05
Pearson,attentionDriftScore,blinkVariability,41,0.44973881832365525,0.0031767917840043063,H0: Pearson r = 0,H1: Pearson r != 0,reject H0 at alpha=0.05
Pearson,attentionDriftScore,headScore,41,-0.38205725597201756,0.013700573135812135,H0: Pearson r = 0,H1: Pearson r != 0,reject H0 at alpha=0.05
Pearson,attentionDriftScore,pitch,41,0.1695816769510754,0.2891568018728536,H0: Pearson r = 0,H1: Pearson r != 0,fail to reject H0 at alpha=0.05
Pearson,attentionDriftScore,yaw,41,-0.08552393461243207,0.5949609447834586,H0: Pearson r = 0,H1: Pearson r != 0,fail to reject H0 at alpha=0.05
Pearson,attentionDriftScore,roll,41,-0.17679092920811781,0.2688373091960753,H0: Pearson r = 0,H1: Pearson r != 0,fail to reject H0 at alpha=0.05
Pearson,attentionDriftScore,gazeScore,41,0.2256085731999793,0.15610733003048655,H0: Pearson r = 0,H1: Pearson r != 0,fail to reject H0 at alpha=0.05
Pearson,attentionDriftScore,gazeConfidence,41,-0.2268610756719323,0.15376120811290797,H0: Pearson r = 0,H1: Pearson r != 0,fail to reject H0 at alpha=0.05
Pearson,attentionDriftScore,finalAttentionScore,41,0.3594347363336793,0.02099563703219291,H0: Pearson r = 0,H1: Pearson r != 0,reject H0 at alpha=0.05
Pearson,attentionDriftScore,fusionConfidence,41,-0.18446104997476495,0.24827854683682343,H0: Pearson r = 0,H1: Pearson r != 0,fail to reject H0 at alpha=0.05
Pearson,bpm,ibiMean,41,-0.688216350404352,6.603750687988087e-07,H0: Pearson r = 0,H1: Pearson r != 0,reject H0 at alpha=0.05
Pearson,bpm,ibiStd,41,-0.41842186169509527,0.006478769124946225,H0: Pearson r = 0,H1: Pearson r != 0,reject H0 at alpha=0.05
Pearson,bpm,blinkVariability,41,0.21621143423104455,0.17454697291925364,H0: Pearson r = 0,H1: Pearson r != 0,fail to reject H0 at alpha=0.05
Pearson,bpm,headScore,41,-0.3491732098853825,0.025246664795098295,H0: Pearson r = 0,H1: Pearson r != 0,reject H0 at alpha=0.05
Pearson,bpm,pitch,41,0.06300558682713038,0.6955418443540081,H0: Pearson r = 0,H1: Pearson r != 0,fail to reject H0 at alpha=0.05
Pearson,bpm,yaw,41,0.02363379745786504,0.8833920520824996,H0: Pearson r = 0,H1: Pearson r != 0,fail to reject H0 at alpha=0.05
Pearson,bpm,roll,41,-0.1388410042795608,0.3866399027065722,H0: Pearson r = 0,H1: Pearson r != 0,fail to reject H0 at alpha=0.05
Pearson,bpm,gazeScore,41,0.09792763993605214,0.542446065768137,H0: Pearson r = 0,H1: Pearson r != 0,fail to reject H0 at alpha=0.05
Pearson,bpm,gazeConfidence,41,-0.025903139530567398,0.8722835664446166,H0: Pearson r = 0,H1: Pearson r != 0,fail to reject H0 at alpha=0.05
Pearson,bpm,finalAttentionScore,41,0.10775487878841603,0.5024836386257535,H0: Pearson r = 0,H1: Pearson r != 0,fail to reject H0 at alpha=0.05
Pearson,bpm,fusionConfidence,41,0.09816767090058522,0.5414521618101659,H0: Pearson r = 0,H1: Pearson r != 0,fail to reject H0 at alpha=0.05
Pearson,ibiMean,ibiStd,41,0.8503262093153403,1.9803934149221207e-12,H0: Pearson r = 0,H1: Pearson r != 0,reject H0 at alpha=0.05
Pearson,ibiMean,blinkVariability,41,0.18726685258596676,0.2410294067556893,H0: Pearson r = 0,H1: Pearson r != 0,fail to reject H0 at alpha=0.05
Pearson,ibiMean,headScore,41,-0.1512526606884416,0.3451774009451876,H0: Pearson r = 0,H1: Pearson r != 0,fail to reject H0 at alpha=0.05
Pearson,ibiMean,pitch,41,-0.0054713578639297225,0.9729165687473076,H0: Pearson r = 0,H1: Pearson r != 0,fail to reject H0 at alpha=0.05
Pearson,ibiMean,yaw,41,-0.08135148403454767,0.6131136280360576,H0: Pearson r = 0,H1: Pearson r != 0,fail to reject H0 at alpha=0.05
Pearson,ibiMean,roll,41,-0.04179497004237488,0.7952838062125376,H0: Pearson r = 0,H1: Pearson r != 0,fail to reject H0 at alpha=0.05
Pearson,ibiMean,gazeScore,41,0.3882000608201046,0.012140006361903915,H0: Pearson r = 0,H1: Pearson r != 0,reject H0 at alpha=0.05
Pearson,ibiMean,gazeConfidence,41,-0.02931793632939834,0.8556142166354093,H0: Pearson r = 0,H1: Pearson r != 0,fail to reject H0 at alpha=0.05
Pearson,ibiMean,finalAttentionScore,41,-0.12233393212158808,0.44608171438916633,H0: Pearson r = 0,H1: Pearson r != 0,fail to reject H0 at alpha=0.05
Pearson,ibiMean,fusionConfidence,41,-0.23551589415207227,0.1382491199713812,H0: Pearson r = 0,H1: Pearson r != 0,fail to reject H0 at alpha=0.05
Pearson,ibiStd,blinkVariability,41,0.6749632981069683,1.2979124397076844e-06,H0: Pearson r = 0,H1: Pearson r != 0,reject H0 at alpha=0.05
Pearson,ibiStd,headScore,41,-0.5168839737388835,0.0005399502095162255,H0: Pearson r = 0,H1: Pearson r != 0,reject H0 at alpha=0.05
Pearson,ibiStd,pitch,41,0.09337990303936475,0.5614403920521075,H0: Pearson r = 0,H1: Pearson r != 0,fail to reject H0 at alpha=0.05
Pearson,ibiStd,yaw,41,-0.14778303466842732,0.35648360509788835,H0: Pearson r = 0,H1: Pearson r != 0,fail to reject H0 at alpha=0.05
Pearson,ibiStd,roll,41,-0.14253333912688193,0.374010949517919,H0: Pearson r = 0,H1: Pearson r != 0,fail to reject H0 at alpha=0.05
Pearson,ibiStd,gazeScore,41,0.7799441115146207,1.850522735941993e-09,H0: Pearson r = 0,H1: Pearson r != 0,reject H0 at alpha=0.05
Pearson,ibiStd,gazeConfidence,41,-0.14919600690431478,0.3518524726850762,H0: Pearson r = 0,H1: Pearson r != 0,fail to reject H0 at alpha=0.05
Pearson,ibiStd,finalAttentionScore,41,-0.01667033082141113,0.9176072231689376,H0: Pearson r = 0,H1: Pearson r != 0,fail to reject H0 at alpha=0.05
Pearson,ibiStd,fusionConfidence,41,-0.4048209212388899,0.00865453327356796,H0: Pearson r = 0,H1: Pearson r != 0,reject H0 at alpha=0.05
Pearson,blinkVariability,headScore,41,-0.775080795899228,2.7024650974096113e-09,H0: Pearson r = 0,H1: Pearson r != 0,reject H0 at alpha=0.05
Pearson,blinkVariability,pitch,41,0.19089415409562444,0.2318720187696119,H0: Pearson r = 0,H1: Pearson r != 0,fail to reject H0 at alpha=0.05
Pearson,blinkVariability,yaw,41,-0.1664166160874757,0.29838352331521,H0: Pearson r = 0,H1: Pearson r != 0,fail to reject H0 at alpha=0.05
Pearson,blinkVariability,roll,41,-0.21826375774541082,0.1703923169305156,H0: Pearson r = 0,H1: Pearson r != 0,fail to reject H0 at alpha=0.05
Pearson,blinkVariability,gazeScore,41,0.916391386621532,4.284309634168875e-17,H0: Pearson r = 0,H1: Pearson r != 0,reject H0 at alpha=0.05
Pearson,blinkVariability,gazeConfidence,41,-0.2380559224051417,0.1339245888423808,H0: Pearson r = 0,H1: Pearson r != 0,fail to reject H0 at alpha=0.05
Pearson,blinkVariability,finalAttentionScore,41,0.13910768090450049,0.38571949701752306,H0: Pearson r = 0,H1: Pearson r != 0,fail to reject H0 at alpha=0.05
Pearson,blinkVariability,fusionConfidence,41,-0.42332227541373113,0.005820134324785679,H0: Pearson r = 0,H1: Pearson r != 0,reject H0 at alpha=0.05
Pearson,headScore,pitch,41,-0.10454817860492367,0.5153571086263937,H0: Pearson r = 0,H1: Pearson r != 0,fail to reject H0 at alpha=0.05
Pearson,headScore,yaw,41,0.2120123778762681,0.1832728335633888,H0: Pearson r = 0,H1: Pearson r != 0,fail to reject H0 at alpha=0.05
Pearson,headScore,roll,41,0.21135431014642447,0.18466798571618095,H0: Pearson r = 0,H1: Pearson r != 0,fail to reject H0 at alpha=0.05
Pearson,headScore,gazeScore,41,-0.8609567128653701,5.203548570755921e-13,H0: Pearson r = 0,H1: Pearson r != 0,reject H0 at alpha=0.05
Pearson,headScore,gazeConfidence,41,0.15619328087058829,0.3294618956648697,H0: Pearson r = 0,H1: Pearson r != 0,fail to reject H0 at alpha=0.05
Pearson,headScore,finalAttentionScore,41,-0.041026630643132264,0.7989689269978939,H0: Pearson r = 0,H1: Pearson r != 0,fail to reject H0 at alpha=0.05
Pearson,headScore,fusionConfidence,41,0.2867951993387833,0.06906461131005712,H0: Pearson r = 0,H1: Pearson r != 0,fail to reject H0 at alpha=0.05
Pearson,pitch,yaw,41,-0.35350006639940146,0.023374252749308006,H0: Pearson r = 0,H1: Pearson r != 0,reject H0 at alpha=0.05
Pearson,pitch,roll,41,-0.344108363490643,0.027595209280065456,H0: Pearson r = 0,H1: Pearson r != 0,reject H0 at alpha=0.05
Pearson,pitch,gazeScore,41,0.0868651254413591,0.5891764736411527,H0: Pearson r = 0,H1: Pearson r != 0,fail to reject H0 at alpha=0.05
Pearson,pitch,gazeConfidence,41,-0.2456211316983031,0.12164018709667751,H0: Pearson r = 0,H1: Pearson r != 0,fail to reject H0 at alpha=0.05
Pearson,pitch,finalAttentionScore,41,0.23652324571251546,0.13652184767349432,H0: Pearson r = 0,H1: Pearson r != 0,fail to reject H0 at alpha=0.05
Pearson,pitch,fusionConfidence,41,-0.248872882082412,0.11662822981137765,H0: Pearson r = 0,H1: Pearson r != 0,fail to reject H0 at alpha=0.05
Pearson,yaw,roll,41,0.7757452050534331,2.5676256766357766e-09,H0: Pearson r = 0,H1: Pearson r != 0,reject H0 at alpha=0.05
Pearson,yaw,gazeScore,41,-0.11289803354823127,0.4821828287168824,H0: Pearson r = 0,H1: Pearson r != 0,fail to reject H0 at alpha=0.05
Pearson,yaw,gazeConfidence,41,0.37786122592320076,0.014861741296492901,H0: Pearson r = 0,H1: Pearson r != 0,reject H0 at alpha=0.05
Pearson,yaw,finalAttentionScore,41,-0.3266134098150877,0.037140911582266165,H0: Pearson r = 0,H1: Pearson r != 0,reject H0 at alpha=0.05
Pearson,yaw,fusionConfidence,41,0.38089411756523334,0.014014461912607593,H0: Pearson r = 0,H1: Pearson r != 0,reject H0 at alpha=0.05
Pearson,roll,gazeScore,41,-0.13109818296549086,0.413921025312134,H0: Pearson r = 0,H1: Pearson r != 0,fail to reject H0 at alpha=0.05
Pearson,roll,gazeConfidence,41,0.3452659760453902,0.027043068925676338,H0: Pearson r = 0,H1: Pearson r != 0,reject H0 at alpha=0.05
Pearson,roll,finalAttentionScore,41,-0.3146490034514927,0.045108255608365705,H0: Pearson r = 0,H1: Pearson r != 0,reject H0 at alpha=0.05
Pearson,roll,fusionConfidence,41,0.3460573245110711,0.026670920739078695,H0: Pearson r = 0,H1: Pearson r != 0,reject H0 at alpha=0.05
Pearson,gazeScore,gazeConfidence,41,-0.14309194872136108,0.3721219287367919,H0: Pearson r = 0,H1: Pearson r != 0,fail to reject H0 at alpha=0.05
Pearson,gazeScore,finalAttentionScore,41,-0.009000128084641009,0.9554630448127672,H0: Pearson r = 0,H1: Pearson r != 0,fail to reject H0 at alpha=0.05
Pearson,gazeScore,fusionConfidence,41,-0.36143252958329514,0.02024199114369429,H0: Pearson r = 0,H1: Pearson r != 0,reject H0 at alpha=0.05
Pearson,gazeConfidence,finalAttentionScore,41,-0.9658520852601028,1.7490305558968004e-24,H0: Pearson r = 0,H1: Pearson r != 0,reject H0 at alpha=0.05
Pearson,gazeConfidence,fusionConfidence,41,0.9605994320510302,2.7169439965133544e-23,H0: Pearson r = 0,H1: Pearson r != 0,reject H0 at alpha=0.05
Pearson,finalAttentionScore,fusionConfidence,41,-0.8780937357223502,4.698769619294944e-14,H0: Pearson r = 0,H1: Pearson r != 0,reject H0 at alpha=0.05
